Driver,Car,LapNumber,LapTime,Stint,TyreCompound,Timestamp
VER,RB20,1,91.88,1,Medium,2026-04-05 14:01:31
VER,RB20,2,91.823,1,Medium,2026-04-05 14:03:03
VER,RB20,3,91.938,1,Medium,2026-04-05 14:04:35
VER,RB20,4,92.063,1,Medium,2026-04-05 14:06:08
VER,RB20,5,91.872,1,Medium,2026-04-05 14:07:39
VER,RB20,6,91.892,1,Medium,2026-04-05 14:09:11
VER,RB20,7,92.13,1,Medium,2026-04-05 14:10:44
VER,RB20,8,92.052,1,Medium,2026-04-05 14:12:16
VER,RB20,9,91.924,1,Medium,2026-04-05 14:13:47
VER,RB20,10,92.065,1,Medium,2026-04-05 14:15:20
VER,RB20,11,91.964,1,Medium,2026-04-05 14:16:51
VER,RB20,12,91.984,1,Medium,2026-04-05 14:18:23
VER,RB20,13,92.089,1,Medium,2026-04-05 14:19:57
VER,RB20,14,91.85,1,Medium,2026-04-05 14:21:25
VER,RB20,15,91.893,1,Medium,2026-04-05 14:22:58
VER,RB20,16,92.053,1,Medium,2026-04-05 14:24:32
VER,RB20,17,92.018,1,Medium,2026-04-05 14:26:04
VER,RB20,18,92.198,1,Medium,2026-04-05 14:27:39
VER,RB20,19,92.071,1,Medium,2026-04-05 14:29:09
VER,RB20,20,92.031,1,Medium,2026-04-05 14:30:40
VER,RB20,21,91.988,2,Hard,2026-04-05 14:32:11
VER,RB20,22,91.797,2,Hard,2026-04-05 14:33:39
VER,RB20,23,91.844,2,Hard,2026-04-05 14:35:12
VER,RB20,24,91.677,2,Hard,2026-04-05 14:36:40
VER,RB20,25,91.795,2,Hard,2026-04-05 14:38:14
VER,RB20,26,91.885,2,Hard,2026-04-05 14:39:49
VER,RB20,27,91.746,2,Hard,2026-04-05 14:41:17
VER,RB20,28,91.941,2,Hard,2026-04-05 14:42:54
VER,RB20,29,91.836,2,Hard,2026-04-05 14:44:23
VER,RB20,30,91.885,2,Hard,2026-04-05 14:45:56
VER,RB20,31,91.86,2,Hard,2026-04-05 14:47:27
VER,RB20,32,92.166,2,Hard,2026-04-05 14:49:09
VER,RB20,33,91.954,2,Hard,2026-04-05 14:50:34
VER,RB20,34,91.841,2,Hard,2026-04-05 14:52:02
VER,RB20,35,92.079,2,Hard,2026-04-05 14:53:42
VER,RB20,36,91.845,2,Hard,2026-04-05 14:55:06
VER,RB20,37,92.029,2,Hard,2026-04-05 14:56:45
VER,RB20,38,91.781,2,Hard,2026-04-05 14:58:07
VER,RB20,39,91.869,2,Hard,2026-04-05 14:59:42
VER,RB20,40,92.064,2,Hard,2026-04-05 15:01:22
VER,RB20,41,91.924,3,Soft,2026-04-05 15:02:48
VER,RB20,42,91.891,3,Soft,2026-04-05 15:04:19
VER,RB20,43,91.891,3,Soft,2026-04-05 15:05:51
VER,RB20,44,91.904,3,Soft,2026-04-05 15:07:23
VER,RB20,45,91.798,3,Soft,2026-04-05 15:08:50
VER,RB20,46,91.924,3,Soft,2026-04-05 15:10:28
VER,RB20,47,91.99,3,Soft,2026-04-05 15:12:03
VER,RB20,48,92.207,3,Soft,2026-04-05 15:13:45
VER,RB20,49,92.156,3,Soft,2026-04-05 15:15:15
VER,RB20,50,91.938,3,Soft,2026-04-05 15:16:36
VER,RB20,51,92.224,3,Soft,2026-04-05 15:18:23
VER,RB20,52,92.174,3,Soft,2026-04-05 15:19:53
VER,RB20,53,92.174,3,Soft,2026-04-05 15:21:25
VER,RB20,54,92.363,3,Soft,2026-04-05 15:23:07
VER,RB20,55,92.449,3,Soft,2026-04-05 15:24:44
VER,RB20,56,92.472,3,Soft,2026-04-05 15:26:18
VER,RB20,57,92.294,3,Soft,2026-04-05 15:27:40
PER,CAD,1,93.383,1,Medium,2026-04-05 14:01:33
PER,CAD,2,93.48,1,Medium,2026-04-05 14:03:06
PER,CAD,3,93.577,1,Medium,2026-04-05 14:04:40
PER,CAD,4,93.422,1,Medium,2026-04-05 14:06:13
PER,CAD,5,93.478,1,Medium,2026-04-05 14:07:47
PER,CAD,6,93.387,1,Medium,2026-04-05 14:09:20
PER,CAD,7,93.396,1,Medium,2026-04-05 14:10:53
PER,CAD,8,93.658,1,Medium,2026-04-05 14:12:29
PER,CAD,9,93.743,1,Medium,2026-04-05 14:14:03
PER,CAD,10,93.591,1,Medium,2026-04-05 14:15:35
PER,CAD,11,93.74,1,Medium,2026-04-05 14:17:11
PER,CAD,12,93.683,1,Medium,2026-04-05 14:18:44
PER,CAD,13,93.583,1,Medium,2026-04-05 14:20:16
PER,CAD,14,93.723,1,Medium,2026-04-05 14:21:52
PER,CAD,15,93.885,1,Medium,2026-04-05 14:23:28
PER,CAD,16,93.716,1,Medium,2026-04-05 14:24:59
PER,CAD,17,93.928,1,Medium,2026-04-05 14:26:36
PER,CAD,18,93.446,1,Medium,2026-04-05 14:28:02
PER,CAD,19,93.879,1,Medium,2026-04-05 14:29:43
PER,CAD,20,93.81,1,Medium,2026-04-05 14:31:16
PER,CAD,21,93.376,2,Hard,2026-04-05 14:32:40
PER,CAD,22,93.435,2,Hard,2026-04-05 14:34:15
PER,CAD,23,93.197,2,Hard,2026-04-05 14:35:43
PER,CAD,24,93.422,2,Hard,2026-04-05 14:37:22
PER,CAD,25,93.503,2,Hard,2026-04-05 14:38:57
PER,CAD,26,93.649,2,Hard,2026-04-05 14:40:34
PER,CAD,27,93.422,2,Hard,2026-04-05 14:42:02
PER,CAD,28,93.399,2,Hard,2026-04-05 14:43:35
PER,CAD,29,93.448,2,Hard,2026-04-05 14:45:09
PER,CAD,30,93.63,2,Hard,2026-04-05 14:46:48
PER,CAD,31,93.571,2,Hard,2026-04-05 14:48:20
PER,CAD,32,93.48,2,Hard,2026-04-05 14:49:51
PER,CAD,33,93.618,2,Hard,2026-04-05 14:51:29
PER,CAD,34,93.58,2,Hard,2026-04-05 14:53:01
PER,CAD,35,93.696,2,Hard,2026-04-05 14:54:39
PER,CAD,36,93.508,2,Hard,2026-04-05 14:56:06
PER,CAD,37,93.565,2,Hard,2026-04-05 14:57:41
PER,CAD,38,93.569,2,Hard,2026-04-05 14:59:15
PER,CAD,39,93.452,2,Hard,2026-04-05 15:00:44
PER,CAD,40,93.676,2,Hard,2026-04-05 15:02:27
PER,CAD,41,93.466,3,Soft,2026-04-05 15:03:52
PER,CAD,42,93.471,3,Soft,2026-04-05 15:05:25
PER,CAD,43,93.477,3,Soft,2026-04-05 15:06:59
PER,CAD,44,93.37,3,Soft,2026-04-05 15:08:28
PER,CAD,45,93.525,3,Soft,2026-04-05 15:10:08
PER,CAD,46,93.569,3,Soft,2026-04-05 15:11:44
PER,CAD,47,93.549,3,Soft,2026-04-05 15:13:16
PER,CAD,48,93.661,3,Soft,2026-04-05 15:14:55
PER,CAD,49,93.763,3,Soft,2026-04-05 15:16:34
PER,CAD,50,93.976,3,Soft,2026-04-05 15:18:18
PER,CAD,51,93.806,3,Soft,2026-04-05 15:19:44
PER,CAD,52,93.851,3,Soft,2026-04-05 15:21:20
PER,CAD,53,93.846,3,Soft,2026-04-05 15:22:53
PER,CAD,54,93.66,3,Soft,2026-04-05 15:24:17
PER,CAD,55,93.922,3,Soft,2026-04-05 15:26:05
PER,CAD,56,93.967,3,Soft,2026-04-05 15:27:42
PER,CAD,57,94.291,3,Soft,2026-04-05 15:29:34
HAM,SF-25,1,92.297,1,Medium,2026-04-05 14:01:32
HAM,SF-25,2,92.376,1,Medium,2026-04-05 14:03:04
HAM,SF-25,3,92.356,1,Medium,2026-04-05 14:04:37
HAM,SF-25,4,92.24,1,Medium,2026-04-05 14:06:08
HAM,SF-25,5,92.537,1,Medium,2026-04-05 14:07:42
HAM,SF-25,6,92.51,1,Medium,2026-04-05 14:09:15
HAM,SF-25,7,92.535,1,Medium,2026-04-05 14:10:47
HAM,SF-25,8,92.351,1,Medium,2026-04-05 14:12:18
HAM,SF-25,9,92.648,1,Medium,2026-04-05 14:13:53
HAM,SF-25,10,92.332,1,Medium,2026-04-05 14:15:23
HAM,SF-25,11,92.59,1,Medium,2026-04-05 14:16:58
HAM,SF-25,12,92.803,1,Medium,2026-04-05 14:18:33
HAM,SF-25,13,92.441,1,Medium,2026-04-05 14:20:01
HAM,SF-25,14,92.512,1,Medium,2026-04-05 14:21:35
HAM,SF-25,15,92.612,1,Medium,2026-04-05 14:23:09
HAM,SF-25,16,92.56,1,Medium,2026-04-05 14:24:40
HAM,SF-25,17,92.454,1,Medium,2026-04-05 14:26:11
HAM,SF-25,18,92.668,1,Medium,2026-04-05 14:27:48
HAM,SF-25,19,92.553,1,Medium,2026-04-05 14:29:18
HAM,SF-25,20,92.757,1,Medium,2026-04-05 14:30:55
HAM,SF-25,21,92.202,2,Hard,2026-04-05 14:32:16
HAM,SF-25,22,92.51,2,Hard,2026-04-05 14:33:55
HAM,SF-25,23,92.242,2,Hard,2026-04-05 14:35:21
HAM,SF-25,24,92.309,2,Hard,2026-04-05 14:36:55
HAM,SF-25,25,92.458,2,Hard,2026-04-05 14:38:31
HAM,SF-25,26,92.224,2,Hard,2026-04-05 14:39:57
HAM,SF-25,27,92.411,2,Hard,2026-04-05 14:41:35
HAM,SF-25,28,92.553,2,Hard,2026-04-05 14:43:11
HAM,SF-25,29,92.215,2,Hard,2026-04-05 14:44:34
HAM,SF-25,30,92.442,2,Hard,2026-04-05 14:46:13
HAM,SF-25,31,92.463,2,Hard,2026-04-05 14:47:46
HAM,SF-25,32,92.538,2,Hard,2026-04-05 14:49:21
HAM,SF-25,33,92.308,2,Hard,2026-04-05 14:50:46
HAM,SF-25,34,92.31,2,Hard,2026-04-05 14:52:18
HAM,SF-25,35,92.543,2,Hard,2026-04-05 14:53:59
HAM,SF-25,36,92.528,2,Hard,2026-04-05 14:55:31
HAM,SF-25,37,92.534,2,Hard,2026-04-05 14:57:03
HAM,SF-25,38,92.558,2,Hard,2026-04-05 14:58:37
HAM,SF-25,39,92.446,2,Hard,2026-04-05 15:00:05
HAM,SF-25,40,92.568,2,Hard,2026-04-05 15:01:42
HAM,SF-25,41,92.37,3,Soft,2026-04-05 15:03:07
HAM,SF-25,42,92.284,3,Soft,2026-04-05 15:04:35
HAM,SF-25,43,92.629,3,Soft,2026-04-05 15:06:23
HAM,SF-25,44,92.497,3,Soft,2026-04-05 15:07:49
HAM,SF-25,45,92.332,3,Soft,2026-04-05 15:09:14
HAM,SF-25,46,92.589,3,Soft,2026-04-05 15:10:59
HAM,SF-25,47,92.428,3,Soft,2026-04-05 15:12:24
HAM,SF-25,48,92.674,3,Soft,2026-04-05 15:14:08
HAM,SF-25,49,92.754,3,Soft,2026-04-05 15:15:44
HAM,SF-25,50,92.552,3,Soft,2026-04-05 15:17:07
HAM,SF-25,51,92.801,3,Soft,2026-04-05 15:18:52
HAM,SF-25,52,92.77,3,Soft,2026-04-05 15:20:24
HAM,SF-25,53,92.854,3,Soft,2026-04-05 15:22:01
HAM,SF-25,54,93.018,3,Soft,2026-04-05 15:23:42
HAM,SF-25,55,92.796,3,Soft,2026-04-05 15:25:03
HAM,SF-25,56,92.77,3,Soft,2026-04-05 15:26:35
HAM,SF-25,57,92.788,3,Soft,2026-04-05 15:28:08
RUS,W15,1,92.322,1,Medium,2026-04-05 14:01:32
RUS,W15,2,92.431,1,Medium,2026-04-05 14:03:04
RUS,W15,3,92.501,1,Medium,2026-04-05 14:04:37
RUS,W15,4,92.513,1,Medium,2026-04-05 14:06:10
RUS,W15,5,92.599,1,Medium,2026-04-05 14:07:42
RUS,W15,6,92.522,1,Medium,2026-04-05 14:09:15
RUS,W15,7,92.714,1,Medium,2026-04-05 14:10:48
RUS,W15,8,92.528,1,Medium,2026-04-05 14:12:20
RUS,W15,9,92.906,1,Medium,2026-04-05 14:13:56
RUS,W15,10,92.675,1,Medium,2026-04-05 14:15:26
RUS,W15,11,92.517,1,Medium,2026-04-05 14:16:57
RUS,W15,12,92.511,1,Medium,2026-04-05 14:18:30
RUS,W15,13,92.718,1,Medium,2026-04-05 14:20:05
RUS,W15,14,92.653,1,Medium,2026-04-05 14:21:37
RUS,W15,15,92.786,1,Medium,2026-04-05 14:23:11
RUS,W15,16,92.777,1,Medium,2026-04-05 14:24:44
RUS,W15,17,92.731,1,Medium,2026-04-05 14:26:16
RUS,W15,18,92.658,1,Medium,2026-04-05 14:27:47
RUS,W15,19,92.598,1,Medium,2026-04-05 14:29:19
RUS,W15,20,92.746,1,Medium,2026-04-05 14:30:54
RUS,W15,21,92.515,2,Hard,2026-04-05 14:32:22
RUS,W15,22,92.45,2,Hard,2026-04-05 14:33:53
RUS,W15,23,92.287,2,Hard,2026-04-05 14:35:22
RUS,W15,24,92.469,2,Hard,2026-04-05 14:36:59
RUS,W15,25,92.506,2,Hard,2026-04-05 14:38:32
RUS,W15,26,92.366,2,Hard,2026-04-05 14:40:01
RUS,W15,27,92.502,2,Hard,2026-04-05 14:41:37
RUS,W15,28,92.503,2,Hard,2026-04-05 14:43:10
RUS,W15,29,92.371,2,Hard,2026-04-05 14:44:38
RUS,W15,30,92.563,2,Hard,2026-04-05 14:46:16
RUS,W15,31,92.599,2,Hard,2026-04-05 14:47:50
RUS,W15,32,92.674,2,Hard,2026-04-05 14:49:25
RUS,W15,33,92.682,2,Hard,2026-04-05 14:50:58
RUS,W15,34,92.403,2,Hard,2026-04-05 14:52:21
RUS,W15,35,92.467,2,Hard,2026-04-05 14:53:56
RUS,W15,36,92.654,2,Hard,2026-04-05 14:55:35
RUS,W15,37,92.666,2,Hard,2026-04-05 14:57:08
RUS,W15,38,92.678,2,Hard,2026-04-05 14:58:41
RUS,W15,39,93.09,2,Hard,2026-04-05 15:00:30
RUS,W15,40,92.709,2,Hard,2026-04-05 15:01:48
RUS,W15,41,92.571,3,Soft,2026-04-05 15:03:15
RUS,W15,42,92.584,3,Soft,2026-04-05 15:04:48
RUS,W15,43,92.583,3,Soft,2026-04-05 15:06:21
RUS,W15,44,92.502,3,Soft,2026-04-05 15:07:50
RUS,W15,45,92.666,3,Soft,2026-04-05 15:09:29
RUS,W15,46,92.517,3,Soft,2026-04-05 15:10:55
RUS,W15,47,92.617,3,Soft,2026-04-05 15:12:32
RUS,W15,48,92.622,3,Soft,2026-04-05 15:14:05
RUS,W15,49,92.725,3,Soft,2026-04-05 15:15:43
RUS,W15,50,93.028,3,Soft,2026-04-05 15:17:31
RUS,W15,51,92.561,3,Soft,2026-04-05 15:18:40
RUS,W15,52,92.902,3,Soft,2026-04-05 15:20:30
RUS,W15,53,92.661,3,Soft,2026-04-05 15:21:51
RUS,W15,54,92.833,3,Soft,2026-04-05 15:23:32
RUS,W15,55,93.056,3,Soft,2026-04-05 15:25:18
RUS,W15,56,92.968,3,Soft,2026-04-05 15:26:46
RUS,W15,57,92.866,3,Soft,2026-04-05 15:28:13
LEC,SF-25,1,92.234,1,Medium,2026-04-05 14:01:32
LEC,SF-25,2,92.422,1,Medium,2026-04-05 14:03:04
LEC,SF-25,3,92.272,1,Medium,2026-04-05 14:04:36
LEC,SF-25,4,92.406,1,Medium,2026-04-05 14:06:09
LEC,SF-25,5,92.405,1,Medium,2026-04-05 14:07:42
LEC,SF-25,6,92.342,1,Medium,2026-04-05 14:09:14
LEC,SF-25,7,92.697,1,Medium,2026-04-05 14:10:48
LEC,SF-25,8,92.536,1,Medium,2026-04-05 14:12:20
LEC,SF-25,9,92.237,1,Medium,2026-04-05 14:13:50
LEC,SF-25,10,92.522,1,Medium,2026-04-05 14:15:25
LEC,SF-25,11,92.441,1,Medium,2026-04-05 14:16:56
LEC,SF-25,12,92.642,1,Medium,2026-04-05 14:18:31
LEC,SF-25,13,92.465,1,Medium,2026-04-05 14:20:02
LEC,SF-25,14,92.566,1,Medium,2026-04-05 14:21:35
LEC,SF-25,15,92.661,1,Medium,2026-04-05 14:23:09
LEC,SF-25,16,92.724,1,Medium,2026-04-05 14:24:43
LEC,SF-25,17,92.496,1,Medium,2026-04-05 14:26:12
LEC,SF-25,18,92.62,1,Medium,2026-04-05 14:27:47
LEC,SF-25,19,92.623,1,Medium,2026-04-05 14:29:19
LEC,SF-25,20,92.622,1,Medium,2026-04-05 14:30:52
LEC,SF-25,21,92.524,2,Hard,2026-04-05 14:32:23
LEC,SF-25,22,92.373,2,Hard,2026-04-05 14:33:52
LEC,SF-25,23,92.185,2,Hard,2026-04-05 14:35:20
LEC,SF-25,24,92.458,2,Hard,2026-04-05 14:36:58
LEC,SF-25,25,92.615,2,Hard,2026-04-05 14:38:35
LEC,SF-25,26,92.496,2,Hard,2026-04-05 14:40:04
LEC,SF-25,27,92.202,2,Hard,2026-04-05 14:41:29
LEC,SF-25,28,92.338,2,Hard,2026-04-05 14:43:05
LEC,SF-25,29,92.56,2,Hard,2026-04-05 14:44:44
LEC,SF-25,30,92.335,2,Hard,2026-04-05 14:46:10
LEC,SF-25,31,92.485,2,Hard,2026-04-05 14:47:47
LEC,SF-25,32,92.537,2,Hard,2026-04-05 14:49:21
LEC,SF-25,33,92.345,2,Hard,2026-04-05 14:50:47
LEC,SF-25,34,92.461,2,Hard,2026-04-05 14:52:23
LEC,SF-25,35,92.091,2,Hard,2026-04-05 14:53:43
LEC,SF-25,36,92.369,2,Hard,2026-04-05 14:55:25
LEC,SF-25,37,92.474,2,Hard,2026-04-05 14:57:01
LEC,SF-25,38,92.366,2,Hard,2026-04-05 14:58:29
LEC,SF-25,39,92.724,2,Hard,2026-04-05 15:00:16
LEC,SF-25,40,92.368,2,Hard,2026-04-05 15:01:34
LEC,SF-25,41,92.282,3,Soft,2026-04-05 15:03:03
LEC,SF-25,42,92.386,3,Soft,2026-04-05 15:04:40
LEC,SF-25,43,92.578,3,Soft,2026-04-05 15:06:20
LEC,SF-25,44,92.268,3,Soft,2026-04-05 15:07:39
LEC,SF-25,45,92.615,3,Soft,2026-04-05 15:09:27
LEC,SF-25,46,92.511,3,Soft,2026-04-05 15:10:55
LEC,SF-25,47,92.427,3,Soft,2026-04-05 15:12:24
LEC,SF-25,48,92.635,3,Soft,2026-04-05 15:14:06
LEC,SF-25,49,92.639,3,Soft,2026-04-05 15:15:39
LEC,SF-25,50,92.578,3,Soft,2026-04-05 15:17:08
LEC,SF-25,51,92.693,3,Soft,2026-04-05 15:18:47
LEC,SF-25,52,92.674,3,Soft,2026-04-05 15:20:19
LEC,SF-25,53,92.769,3,Soft,2026-04-05 15:21:56
LEC,SF-25,54,92.869,3,Soft,2026-04-05 15:23:34
LEC,SF-25,55,93.015,3,Soft,2026-04-05 15:25:15
LEC,SF-25,56,92.711,3,Soft,2026-04-05 15:26:31
LEC,SF-25,57,93.151,3,Soft,2026-04-05 15:28:29
SAI,WIL,1,93.286,1,Medium,2026-04-05 14:01:33
SAI,WIL,2,93.522,1,Medium,2026-04-05 14:03:07
SAI,WIL,3,93.631,1,Medium,2026-04-05 14:04:40
SAI,WIL,4,93.614,1,Medium,2026-04-05 14:06:14
SAI,WIL,5,93.525,1,Medium,2026-04-05 14:07:47
SAI,WIL,6,93.595,1,Medium,2026-04-05 14:09:21
SAI,WIL,7,93.581,1,Medium,2026-04-05 14:10:55
SAI,WIL,8,93.589,1,Medium,2026-04-05 14:12:28
SAI,WIL,9,93.782,1,Medium,2026-04-05 14:14:04
SAI,WIL,10,93.743,1,Medium,2026-04-05 14:15:37
SAI,WIL,11,93.637,1,Medium,2026-04-05 14:17:10
SAI,WIL,12,93.848,1,Medium,2026-04-05 14:18:46
SAI,WIL,13,93.797,1,Medium,2026-04-05 14:20:19
SAI,WIL,14,93.878,1,Medium,2026-04-05 14:21:54
SAI,WIL,15,93.876,1,Medium,2026-04-05 14:23:28
SAI,WIL,16,93.721,1,Medium,2026-04-05 14:24:59
SAI,WIL,17,93.773,1,Medium,2026-04-05 14:26:34
SAI,WIL,18,93.95,1,Medium,2026-04-05 14:28:11
SAI,WIL,19,93.953,1,Medium,2026-04-05 14:29:45
SAI,WIL,20,93.897,1,Medium,2026-04-05 14:31:17
SAI,WIL,21,93.526,2,Hard,2026-04-05 14:32:44
SAI,WIL,22,93.677,2,Hard,2026-04-05 14:34:20
SAI,WIL,23,93.465,2,Hard,2026-04-05 14:35:49
SAI,WIL,24,93.614,2,Hard,2026-04-05 14:37:26
SAI,WIL,25,93.536,2,Hard,2026-04-05 14:38:58
SAI,WIL,26,93.546,2,Hard,2026-04-05 14:40:32
SAI,WIL,27,93.716,2,Hard,2026-04-05 14:42:10
SAI,WIL,28,93.695,2,Hard,2026-04-05 14:43:43
SAI,WIL,29,93.706,2,Hard,2026-04-05 14:45:17
SAI,WIL,30,93.777,2,Hard,2026-04-05 14:46:53
SAI,WIL,31,93.635,2,Hard,2026-04-05 14:48:22
SAI,WIL,32,93.726,2,Hard,2026-04-05 14:49:59
SAI,WIL,33,93.619,2,Hard,2026-04-05 14:51:29
SAI,WIL,34,93.707,2,Hard,2026-04-05 14:53:06
SAI,WIL,35,93.664,2,Hard,2026-04-05 14:54:38
SAI,WIL,36,93.704,2,Hard,2026-04-05 14:56:13
SAI,WIL,37,93.775,2,Hard,2026-04-05 14:57:49
SAI,WIL,38,93.618,2,Hard,2026-04-05 14:59:17
SAI,WIL,39,93.979,2,Hard,2026-04-05 15:01:05
SAI,WIL,40,93.619,2,Hard,2026-04-05 15:02:24
SAI,WIL,41,93.389,3,Soft,2026-04-05 15:03:48
SAI,WIL,42,93.709,3,Soft,2026-04-05 15:05:35
SAI,WIL,43,93.7,3,Soft,2026-04-05 15:07:09
SAI,WIL,44,93.715,3,Soft,2026-04-05 15:08:43
SAI,WIL,45,93.75,3,Soft,2026-04-05 15:10:18
SAI,WIL,46,93.709,3,Soft,2026-04-05 15:11:50
SAI,WIL,47,93.637,3,Soft,2026-04-05 15:13:20
SAI,WIL,48,93.789,3,Soft,2026-04-05 15:15:01
SAI,WIL,49,93.734,3,Soft,2026-04-05 15:16:32
SAI,WIL,50,93.967,3,Soft,2026-04-05 15:18:18
SAI,WIL,51,93.867,3,Soft,2026-04-05 15:19:47
SAI,WIL,52,93.821,3,Soft,2026-04-05 15:21:18
SAI,WIL,53,93.916,3,Soft,2026-04-05 15:22:57
SAI,WIL,54,94.04,3,Soft,2026-04-05 15:24:38
SAI,WIL,55,93.957,3,Soft,2026-04-05 15:26:07
SAI,WIL,56,93.961,3,Soft,2026-04-05 15:27:41
SAI,WIL,57,94.124,3,Soft,2026-04-05 15:29:25
NOR,MCL39,1,92.149,1,Medium,2026-04-05 14:01:32
NOR,MCL39,2,92.079,1,Medium,2026-04-05 14:03:04
NOR,MCL39,3,92.103,1,Medium,2026-04-05 14:04:36
NOR,MCL39,4,92.208,1,Medium,2026-04-05 14:06:08
NOR,MCL39,5,92.026,1,Medium,2026-04-05 14:07:40
NOR,MCL39,6,92.051,1,Medium,2026-04-05 14:09:12
NOR,MCL39,7,92.154,1,Medium,2026-04-05 14:10:45
NOR,MCL39,8,92.234,1,Medium,2026-04-05 14:12:17
NOR,MCL39,9,92.317,1,Medium,2026-04-05 14:13:50
NOR,MCL39,10,92.477,1,Medium,2026-04-05 14:15:24
NOR,MCL39,11,92.423,1,Medium,2026-04-05 14:16:56
NOR,MCL39,12,92.321,1,Medium,2026-04-05 14:18:27
NOR,MCL39,13,92.358,1,Medium,2026-04-05 14:20:00
NOR,MCL39,14,92.26,1,Medium,2026-04-05 14:21:31
NOR,MCL39,15,92.398,1,Medium,2026-04-05 14:23:05
NOR,MCL39,16,92.385,1,Medium,2026-04-05 14:24:38
NOR,MCL39,17,92.479,1,Medium,2026-04-05 14:26:12
NOR,MCL39,18,92.361,1,Medium,2026-04-05 14:27:42
NOR,MCL39,19,92.542,1,Medium,2026-04-05 14:29:18
NOR,MCL39,20,92.684,1,Medium,2026-04-05 14:30:53
NOR,MCL39,21,92.099,2,Hard,2026-04-05 14:32:14
NOR,MCL39,22,92.172,2,Hard,2026-04-05 14:33:47
NOR,MCL39,23,92.219,2,Hard,2026-04-05 14:35:21
NOR,MCL39,24,92.1,2,Hard,2026-04-05 14:36:50
NOR,MCL39,25,92.187,2,Hard,2026-04-05 14:38:24
NOR,MCL39,26,92.174,2,Hard,2026-04-05 14:39:56
NOR,MCL39,27,92.196,2,Hard,2026-04-05 14:41:29
NOR,MCL39,28,92.103,2,Hard,2026-04-05 14:42:58
NOR,MCL39,29,92.211,2,Hard,2026-04-05 14:44:34
NOR,MCL39,30,92.28,2,Hard,2026-04-05 14:46:08
NOR,MCL39,31,92.406,2,Hard,2026-04-05 14:47:44
NOR,MCL39,32,92.359,2,Hard,2026-04-05 14:49:15
NOR,MCL39,33,92.514,2,Hard,2026-04-05 14:50:52
NOR,MCL39,34,92.176,2,Hard,2026-04-05 14:52:13
NOR,MCL39,35,92.385,2,Hard,2026-04-05 14:53:53
NOR,MCL39,36,92.314,2,Hard,2026-04-05 14:55:23
NOR,MCL39,37,92.567,2,Hard,2026-04-05 14:57:04
NOR,MCL39,38,92.219,2,Hard,2026-04-05 14:58:24
NOR,MCL39,39,92.227,2,Hard,2026-04-05 14:59:56
NOR,MCL39,40,92.268,2,Hard,2026-04-05 15:01:30
NOR,MCL39,41,91.88,3,Soft,2026-04-05 15:02:47
NOR,MCL39,42,92.107,3,Soft,2026-04-05 15:04:28
NOR,MCL39,43,92.114,3,Soft,2026-04-05 15:06:00
NOR,MCL39,44,92.258,3,Soft,2026-04-05 15:07:39
NOR,MCL39,45,92.316,3,Soft,2026-04-05 15:09:14
NOR,MCL39,46,92.535,3,Soft,2026-04-05 15:10:56
NOR,MCL39,47,92.459,3,Soft,2026-04-05 15:12:25
NOR,MCL39,48,92.311,3,Soft,2026-04-05 15:13:50
NOR,MCL39,49,92.307,3,Soft,2026-04-05 15:15:23
NOR,MCL39,50,92.509,3,Soft,2026-04-05 15:17:05
NOR,MCL39,51,92.327,3,Soft,2026-04-05 15:18:28
NOR,MCL39,52,92.74,3,Soft,2026-04-05 15:20:22
NOR,MCL39,53,92.697,3,Soft,2026-04-05 15:21:52
NOR,MCL39,54,92.534,3,Soft,2026-04-05 15:23:16
NOR,MCL39,55,92.419,3,Soft,2026-04-05 15:24:43
NOR,MCL39,56,92.822,3,Soft,2026-04-05 15:26:38
NOR,MCL39,57,92.681,3,Soft,2026-04-05 15:28:02
PIA,MCL39,1,92.269,1,Medium,2026-04-05 14:01:32
PIA,MCL39,2,91.949,1,Medium,2026-04-05 14:03:03
PIA,MCL39,3,92.088,1,Medium,2026-04-05 14:04:36
PIA,MCL39,4,92.181,1,Medium,2026-04-05 14:06:08
PIA,MCL39,5,92.206,1,Medium,2026-04-05 14:07:41
PIA,MCL39,6,92.166,1,Medium,2026-04-05 14:09:12
PIA,MCL39,7,92.315,1,Medium,2026-04-05 14:10:46
PIA,MCL39,8,92.132,1,Medium,2026-04-05 14:12:17
PIA,MCL39,9,92.263,1,Medium,2026-04-05 14:13:50
PIA,MCL39,10,92.314,1,Medium,2026-04-05 14:15:23
PIA,MCL39,11,92.382,1,Medium,2026-04-05 14:16:56
PIA,MCL39,12,92.425,1,Medium,2026-04-05 14:18:29
PIA,MCL39,13,92.225,1,Medium,2026-04-05 14:19:58
PIA,MCL39,14,92.196,1,Medium,2026-04-05 14:21:30
PIA,MCL39,15,92.553,1,Medium,2026-04-05 14:23:08
PIA,MCL39,16,92.46,1,Medium,2026-04-05 14:24:39
PIA,MCL39,17,92.35,1,Medium,2026-04-05 14:26:09
PIA,MCL39,18,92.646,1,Medium,2026-04-05 14:27:47
PIA,MCL39,19,92.494,1,Medium,2026-04-05 14:29:17
PIA,MCL39,20,92.642,1,Medium,2026-04-05 14:30:52
PIA,MCL39,21,92.12,2,Hard,2026-04-05 14:32:14
PIA,MCL39,22,92.371,2,Hard,2026-04-05 14:33:52
PIA,MCL39,23,92.347,2,Hard,2026-04-05 14:35:23
PIA,MCL39,24,92.118,2,Hard,2026-04-05 14:36:50
PIA,MCL39,25,92.277,2,Hard,2026-04-05 14:38:26
PIA,MCL39,26,92.249,2,Hard,2026-04-05 14:39:58
PIA,MCL39,27,92.348,2,Hard,2026-04-05 14:41:33
PIA,MCL39,28,92.08,2,Hard,2026-04-05 14:42:58
PIA,MCL39,29,92.29,2,Hard,2026-04-05 14:44:36
PIA,MCL39,30,92.347,2,Hard,2026-04-05 14:46:10
PIA,MCL39,31,92.021,2,Hard,2026-04-05 14:47:32
PIA,MCL39,32,92.102,2,Hard,2026-04-05 14:49:07
PIA,MCL39,33,92.011,2,Hard,2026-04-05 14:50:36
PIA,MCL39,34,92.236,2,Hard,2026-04-05 14:52:16
PIA,MCL39,35,92.366,2,Hard,2026-04-05 14:53:52
PIA,MCL39,36,92.472,2,Hard,2026-04-05 14:55:28
PIA,MCL39,37,92.313,2,Hard,2026-04-05 14:56:55
PIA,MCL39,38,92.511,2,Hard,2026-04-05 14:58:35
PIA,MCL39,39,92.162,2,Hard,2026-04-05 14:59:54
PIA,MCL39,40,92.136,2,Hard,2026-04-05 15:01:25
PIA,MCL39,41,92.128,3,Soft,2026-04-05 15:02:57
PIA,MCL39,42,92.216,3,Soft,2026-04-05 15:04:33
PIA,MCL39,43,92.201,3,Soft,2026-04-05 15:06:04
PIA,MCL39,44,91.992,3,Soft,2026-04-05 15:07:27
PIA,MCL39,45,92.264,3,Soft,2026-04-05 15:09:11
PIA,MCL39,46,92.153,3,Soft,2026-04-05 15:10:39
PIA,MCL39,47,92.425,3,Soft,2026-04-05 15:12:23
PIA,MCL39,48,92.424,3,Soft,2026-04-05 15:13:56
PIA,MCL39,49,92.302,3,Soft,2026-04-05 15:15:22
PIA,MCL39,50,92.388,3,Soft,2026-04-05 15:16:59
PIA,MCL39,51,92.358,3,Soft,2026-04-05 15:18:30
PIA,MCL39,52,92.512,3,Soft,2026-04-05 15:20:10
PIA,MCL39,53,92.67,3,Soft,2026-04-05 15:21:51
PIA,MCL39,54,92.472,3,Soft,2026-04-05 15:23:13
PIA,MCL39,55,92.685,3,Soft,2026-04-05 15:24:57
PIA,MCL39,56,92.596,3,Soft,2026-04-05 15:26:25
PIA,MCL39,57,92.6,3,Soft,2026-04-05 15:27:58
ALO,AMR25,1,92.907,1,Medium,2026-04-05 14:01:32
ALO,AMR25,2,92.816,1,Medium,2026-04-05 14:03:05
ALO,AMR25,3,92.894,1,Medium,2026-04-05 14:04:38
ALO,AMR25,4,92.836,1,Medium,2026-04-05 14:06:11
ALO,AMR25,5,93.236,1,Medium,2026-04-05 14:07:46
ALO,AMR25,6,93.024,1,Medium,2026-04-05 14:09:18
ALO,AMR25,7,92.956,1,Medium,2026-04-05 14:10:50
ALO,AMR25,8,93.086,1,Medium,2026-04-05 14:12:24
ALO,AMR25,9,93.067,1,Medium,2026-04-05 14:13:57
ALO,AMR25,10,93.073,1,Medium,2026-04-05 14:15:30
ALO,AMR25,11,93.194,1,Medium,2026-04-05 14:17:05
ALO,AMR25,12,93.231,1,Medium,2026-04-05 14:18:38
ALO,AMR25,13,93.096,1,Medium,2026-04-05 14:20:10
ALO,AMR25,14,93.111,1,Medium,2026-04-05 14:21:43
ALO,AMR25,15,93.167,1,Medium,2026-04-05 14:23:17
ALO,AMR25,16,92.944,1,Medium,2026-04-05 14:24:47
ALO,AMR25,17,93.058,1,Medium,2026-04-05 14:26:21
ALO,AMR25,18,93.424,1,Medium,2026-04-05 14:28:01
ALO,AMR25,19,93.477,1,Medium,2026-04-05 14:29:36
ALO,AMR25,20,93.27,1,Medium,2026-04-05 14:31:05
ALO,AMR25,21,92.981,2,Hard,2026-04-05 14:32:32
ALO,AMR25,22,92.961,2,Hard,2026-04-05 14:34:05
ALO,AMR25,23,93.305,2,Hard,2026-04-05 14:35:46
ALO,AMR25,24,93.082,2,Hard,2026-04-05 14:37:13
ALO,AMR25,25,92.945,2,Hard,2026-04-05 14:38:43
ALO,AMR25,26,92.857,2,Hard,2026-04-05 14:40:14
ALO,AMR25,27,92.791,2,Hard,2026-04-05 14:41:45
ALO,AMR25,28,93.02,2,Hard,2026-04-05 14:43:24
ALO,AMR25,29,92.917,2,Hard,2026-04-05 14:44:54
ALO,AMR25,30,92.849,2,Hard,2026-04-05 14:46:25
ALO,AMR25,31,92.954,2,Hard,2026-04-05 14:48:01
ALO,AMR25,32,92.914,2,Hard,2026-04-05 14:49:33
ALO,AMR25,33,93.258,2,Hard,2026-04-05 14:51:17
ALO,AMR25,34,93.174,2,Hard,2026-04-05 14:52:47
ALO,AMR25,35,93.079,2,Hard,2026-04-05 14:54:17
ALO,AMR25,36,93.27,2,Hard,2026-04-05 14:55:57
ALO,AMR25,37,93.113,2,Hard,2026-04-05 14:57:25
ALO,AMR25,38,93.013,2,Hard,2026-04-05 14:58:54
ALO,AMR25,39,93.311,2,Hard,2026-04-05 15:00:39
ALO,AMR25,40,93.205,2,Hard,2026-04-05 15:02:08
ALO,AMR25,41,92.811,3,Soft,2026-04-05 15:03:25
ALO,AMR25,42,92.947,3,Soft,2026-04-05 15:05:03
ALO,AMR25,43,92.9,3,Soft,2026-04-05 15:06:34
ALO,AMR25,44,92.874,3,Soft,2026-04-05 15:08:06
ALO,AMR25,45,93.186,3,Soft,2026-04-05 15:09:53
ALO,AMR25,46,93.339,3,Soft,2026-04-05 15:11:33
ALO,AMR25,47,92.977,3,Soft,2026-04-05 15:12:49
ALO,AMR25,48,93.248,3,Soft,2026-04-05 15:14:35
ALO,AMR25,49,93.137,3,Soft,2026-04-05 15:16:03
ALO,AMR25,50,93.192,3,Soft,2026-04-05 15:17:39
ALO,AMR25,51,93.214,3,Soft,2026-04-05 15:19:13
ALO,AMR25,52,93.216,3,Soft,2026-04-05 15:20:47
ALO,AMR25,53,93.361,3,Soft,2026-04-05 15:22:28
ALO,AMR25,54,93.29,3,Soft,2026-04-05 15:23:57
ALO,AMR25,55,93.457,3,Soft,2026-04-05 15:25:40
ALO,AMR25,56,93.454,3,Soft,2026-04-05 15:27:13
ALO,AMR25,57,93.466,3,Soft,2026-04-05 15:28:47
STR,AMR25,1,92.811,1,Medium,2026-04-05 14:01:32
STR,AMR25,2,92.871,1,Medium,2026-04-05 14:03:05
STR,AMR25,3,93.051,1,Medium,2026-04-05 14:04:39
STR,AMR25,4,93.04,1,Medium,2026-04-05 14:06:12
STR,AMR25,5,92.883,1,Medium,2026-04-05 14:07:44
STR,AMR25,6,93.032,1,Medium,2026-04-05 14:09:18
STR,AMR25,7,93.13,1,Medium,2026-04-05 14:10:51
STR,AMR25,8,92.86,1,Medium,2026-04-05 14:12:22
STR,AMR25,9,93.145,1,Medium,2026-04-05 14:13:58
STR,AMR25,10,93.02,1,Medium,2026-04-05 14:15:30
STR,AMR25,11,93.188,1,Medium,2026-04-05 14:17:05
STR,AMR25,12,93.048,1,Medium,2026-04-05 14:18:36
STR,AMR25,13,92.943,1,Medium,2026-04-05 14:20:08
STR,AMR25,14,92.985,1,Medium,2026-04-05 14:21:41
STR,AMR25,15,93.206,1,Medium,2026-04-05 14:23:18
STR,AMR25,16,93.251,1,Medium,2026-04-05 14:24:52
STR,AMR25,17,93.131,1,Medium,2026-04-05 14:26:23
STR,AMR25,18,93.337,1,Medium,2026-04-05 14:28:00
STR,AMR25,19,93.081,1,Medium,2026-04-05 14:29:28
STR,AMR25,20,93.292,1,Medium,2026-04-05 14:31:05
STR,AMR25,21,92.767,2,Hard,2026-04-05 14:32:28
STR,AMR25,22,92.846,2,Hard,2026-04-05 14:34:02
STR,AMR25,23,92.942,2,Hard,2026-04-05 14:35:37
STR,AMR25,24,92.845,2,Hard,2026-04-05 14:37:08
STR,AMR25,25,92.914,2,Hard,2026-04-05 14:38:42
STR,AMR25,26,93.093,2,Hard,2026-04-05 14:40:20
STR,AMR25,27,92.915,2,Hard,2026-04-05 14:41:48
STR,AMR25,28,93.096,2,Hard,2026-04-05 14:43:26
STR,AMR25,29,92.872,2,Hard,2026-04-05 14:44:53
STR,AMR25,30,93.084,2,Hard,2026-04-05 14:46:32
STR,AMR25,31,93.205,2,Hard,2026-04-05 14:48:09
STR,AMR25,32,92.747,2,Hard,2026-04-05 14:49:27
STR,AMR25,33,92.96,2,Hard,2026-04-05 14:51:07
STR,AMR25,34,93.137,2,Hard,2026-04-05 14:52:46
STR,AMR25,35,93.056,2,Hard,2026-04-05 14:54:16
STR,AMR25,36,93.137,2,Hard,2026-04-05 14:55:52
STR,AMR25,37,93.032,2,Hard,2026-04-05 14:57:22
STR,AMR25,38,93.126,2,Hard,2026-04-05 14:58:58
STR,AMR25,39,93.109,2,Hard,2026-04-05 15:00:31
STR,AMR25,40,93.28,2,Hard,2026-04-05 15:02:11
STR,AMR25,41,92.966,3,Soft,2026-04-05 15:03:31
STR,AMR25,42,93.011,3,Soft,2026-04-05 15:05:06
STR,AMR25,43,92.956,3,Soft,2026-04-05 15:06:37
STR,AMR25,44,92.981,3,Soft,2026-04-05 15:08:11
STR,AMR25,45,93.023,3,Soft,2026-04-05 15:09:46
STR,AMR25,46,93.157,3,Soft,2026-04-05 15:11:25
STR,AMR25,47,93.094,3,Soft,2026-04-05 15:12:55
STR,AMR25,48,93.215,3,Soft,2026-04-05 15:14:34
STR,AMR25,49,93.464,3,Soft,2026-04-05 15:16:19
STR,AMR25,50,93.355,3,Soft,2026-04-05 15:17:47
STR,AMR25,51,93.246,3,Soft,2026-04-05 15:19:15
STR,AMR25,52,93.464,3,Soft,2026-04-05 15:21:00
STR,AMR25,53,93.306,3,Soft,2026-04-05 15:22:25
STR,AMR25,54,93.145,3,Soft,2026-04-05 15:23:49
STR,AMR25,55,93.304,3,Soft,2026-04-05 15:25:31
STR,AMR25,56,93.236,3,Soft,2026-04-05 15:27:01
STR,AMR25,57,93.453,3,Soft,2026-04-05 15:28:46
GAS,A525,1,93.122,1,Medium,2026-04-05 14:01:33
GAS,A525,2,93.341,1,Medium,2026-04-05 14:03:06
GAS,A525,3,93.199,1,Medium,2026-04-05 14:04:39
GAS,A525,4,93.154,1,Medium,2026-04-05 14:06:12
GAS,A525,5,93.3,1,Medium,2026-04-05 14:07:46
GAS,A525,6,92.955,1,Medium,2026-04-05 14:09:17
GAS,A525,7,93.268,1,Medium,2026-04-05 14:10:52
GAS,A525,8,93.353,1,Medium,2026-04-05 14:12:26
GAS,A525,9,93.103,1,Medium,2026-04-05 14:13:57
GAS,A525,10,93.437,1,Medium,2026-04-05 14:15:34
GAS,A525,11,93.361,1,Medium,2026-04-05 14:17:06
GAS,A525,12,93.29,1,Medium,2026-04-05 14:18:39
GAS,A525,13,93.436,1,Medium,2026-04-05 14:20:14
GAS,A525,14,93.652,1,Medium,2026-04-05 14:21:51
GAS,A525,15,93.422,1,Medium,2026-04-05 14:23:21
GAS,A525,16,93.45,1,Medium,2026-04-05 14:24:55
GAS,A525,17,93.385,1,Medium,2026-04-05 14:26:27
GAS,A525,18,93.358,1,Medium,2026-04-05 14:28:00
GAS,A525,19,93.58,1,Medium,2026-04-05 14:29:38
GAS,A525,20,93.397,1,Medium,2026-04-05 14:31:07
GAS,A525,21,93.121,2,Hard,2026-04-05 14:32:35
GAS,A525,22,93.067,2,Hard,2026-04-05 14:34:07
GAS,A525,23,93.193,2,Hard,2026-04-05 14:35:43
GAS,A525,24,93.188,2,Hard,2026-04-05 14:37:16
GAS,A525,25,93.285,2,Hard,2026-04-05 14:38:52
GAS,A525,26,93.111,2,Hard,2026-04-05 14:40:20
GAS,A525,27,93.152,2,Hard,2026-04-05 14:41:55
GAS,A525,28,93.079,2,Hard,2026-04-05 14:43:26
GAS,A525,29,93.155,2,Hard,2026-04-05 14:45:01
GAS,A525,30,93.265,2,Hard,2026-04-05 14:46:37
GAS,A525,31,93.323,2,Hard,2026-04-05 14:48:13
GAS,A525,32,93.133,2,Hard,2026-04-05 14:49:40
GAS,A525,33,93.36,2,Hard,2026-04-05 14:51:20
GAS,A525,34,93.431,2,Hard,2026-04-05 14:52:56
GAS,A525,35,93.33,2,Hard,2026-04-05 14:54:26
GAS,A525,36,93.517,2,Hard,2026-04-05 14:56:06
GAS,A525,37,93.211,2,Hard,2026-04-05 14:57:28
GAS,A525,38,93.167,2,Hard,2026-04-05 14:59:00
GAS,A525,39,93.115,2,Hard,2026-04-05 15:00:31
GAS,A525,40,93.52,2,Hard,2026-04-05 15:02:20
GAS,A525,41,93.214,3,Soft,2026-04-05 15:03:41
GAS,A525,42,93.163,3,Soft,2026-04-05 15:05:12
GAS,A525,43,93.239,3,Soft,2026-04-05 15:06:49
GAS,A525,44,93.105,3,Soft,2026-04-05 15:08:16
GAS,A525,45,93.568,3,Soft,2026-04-05 15:10:10
GAS,A525,46,93.326,3,Soft,2026-04-05 15:11:32
GAS,A525,47,93.358,3,Soft,2026-04-05 15:13:07
GAS,A525,48,93.467,3,Soft,2026-04-05 15:14:46
GAS,A525,49,93.473,3,Soft,2026-04-05 15:16:20
GAS,A525,50,93.477,3,Soft,2026-04-05 15:17:53
GAS,A525,51,93.39,3,Soft,2026-04-05 15:19:22
GAS,A525,52,93.577,3,Soft,2026-04-05 15:21:06
GAS,A525,53,93.781,3,Soft,2026-04-05 15:22:50
GAS,A525,54,93.751,3,Soft,2026-04-05 15:24:22
GAS,A525,55,93.816,3,Soft,2026-04-05 15:25:59
GAS,A525,56,93.599,3,Soft,2026-04-05 15:27:21
GAS,A525,57,93.576,3,Soft,2026-04-05 15:28:53
OCO,VF-25,1,94.005,1,Medium,2026-04-05 14:01:34
OCO,VF-25,2,94.047,1,Medium,2026-04-05 14:03:08
OCO,VF-25,3,94.191,1,Medium,2026-04-05 14:04:42
OCO,VF-25,4,93.877,1,Medium,2026-04-05 14:06:15
OCO,VF-25,5,94.284,1,Medium,2026-04-05 14:07:51
OCO,VF-25,6,94.101,1,Medium,2026-04-05 14:09:24
OCO,VF-25,7,94.089,1,Medium,2026-04-05 14:10:58
OCO,VF-25,8,94.039,1,Medium,2026-04-05 14:12:32
OCO,VF-25,9,93.981,1,Medium,2026-04-05 14:14:05
OCO,VF-25,10,94.299,1,Medium,2026-04-05 14:15:42
OCO,VF-25,11,94.229,1,Medium,2026-04-05 14:17:16
OCO,VF-25,12,94.085,1,Medium,2026-04-05 14:18:49
OCO,VF-25,13,94.105,1,Medium,2026-04-05 14:20:23
OCO,VF-25,14,94.24,1,Medium,2026-04-05 14:21:59
OCO,VF-25,15,94.5,1,Medium,2026-04-05 14:23:37
OCO,VF-25,16,94.289,1,Medium,2026-04-05 14:25:08
OCO,VF-25,17,94.16,1,Medium,2026-04-05 14:26:40
OCO,VF-25,18,94.331,1,Medium,2026-04-05 14:28:17
OCO,VF-25,19,94.347,1,Medium,2026-04-05 14:29:52
OCO,VF-25,20,94.076,1,Medium,2026-04-05 14:31:21
OCO,VF-25,21,94.005,2,Hard,2026-04-05 14:32:54
OCO,VF-25,22,93.996,2,Hard,2026-04-05 14:34:27
OCO,VF-25,23,94.12,2,Hard,2026-04-05 14:36:04
OCO,VF-25,24,94.27,2,Hard,2026-04-05 14:37:42
OCO,VF-25,25,94.195,2,Hard,2026-04-05 14:39:14
OCO,VF-25,26,94.04,2,Hard,2026-04-05 14:40:45
OCO,VF-25,27,93.951,2,Hard,2026-04-05 14:42:16
OCO,VF-25,28,94.405,2,Hard,2026-04-05 14:44:03
OCO,VF-25,29,94.115,2,Hard,2026-04-05 14:45:29
OCO,VF-25,30,94.122,2,Hard,2026-04-05 14:47:03
OCO,VF-25,31,94.129,2,Hard,2026-04-05 14:48:37
OCO,VF-25,32,94.168,2,Hard,2026-04-05 14:50:13
OCO,VF-25,33,94.139,2,Hard,2026-04-05 14:51:46
OCO,VF-25,34,94.099,2,Hard,2026-04-05 14:53:19
OCO,VF-25,35,94.114,2,Hard,2026-04-05 14:54:53
OCO,VF-25,36,94.188,2,Hard,2026-04-05 14:56:30
OCO,VF-25,37,94.139,2,Hard,2026-04-05 14:58:03
OCO,VF-25,38,94.13,2,Hard,2026-04-05 14:59:36
OCO,VF-25,39,94.241,2,Hard,2026-04-05 15:01:15
OCO,VF-25,40,94.209,2,Hard,2026-04-05 15:02:48
OCO,VF-25,41,94.215,3,Soft,2026-04-05 15:04:22
OCO,VF-25,42,93.752,3,Soft,2026-04-05 15:05:37
OCO,VF-25,43,94.236,3,Soft,2026-04-05 15:07:32
OCO,VF-25,44,94.29,3,Soft,2026-04-05 15:09:08
OCO,VF-25,45,93.926,3,Soft,2026-04-05 15:10:26
OCO,VF-25,46,94.169,3,Soft,2026-04-05 15:12:11
OCO,VF-25,47,94.2,3,Soft,2026-04-05 15:13:47
OCO,VF-25,48,94.111,3,Soft,2026-04-05 15:15:17
OCO,VF-25,49,94.222,3,Soft,2026-04-05 15:16:56
OCO,VF-25,50,94.217,3,Soft,2026-04-05 15:18:30
OCO,VF-25,51,94.595,3,Soft,2026-04-05 15:20:24
OCO,VF-25,52,94.532,3,Soft,2026-04-05 15:21:55
OCO,VF-25,53,94.608,3,Soft,2026-04-05 15:23:34
OCO,VF-25,54,94.577,3,Soft,2026-04-05 15:25:07
OCO,VF-25,55,94.39,3,Soft,2026-04-05 15:26:31
OCO,VF-25,56,94.497,3,Soft,2026-04-05 15:28:11
OCO,VF-25,57,94.654,3,Soft,2026-04-05 15:29:55
ALB,FW47,1,93.473,1,Medium,2026-04-05 14:01:33
ALB,FW47,2,93.726,1,Medium,2026-04-05 14:03:07
ALB,FW47,3,93.631,1,Medium,2026-04-05 14:04:40
ALB,FW47,4,93.635,1,Medium,2026-04-05 14:06:14
ALB,FW47,5,93.785,1,Medium,2026-04-05 14:07:48
ALB,FW47,6,93.773,1,Medium,2026-04-05 14:09:22
ALB,FW47,7,93.697,1,Medium,2026-04-05 14:10:55
ALB,FW47,8,93.899,1,Medium,2026-04-05 14:12:31
ALB,FW47,9,93.65,1,Medium,2026-04-05 14:14:02
ALB,FW47,10,93.874,1,Medium,2026-04-05 14:15:38
ALB,FW47,11,93.891,1,Medium,2026-04-05 14:17:12
ALB,FW47,12,93.803,1,Medium,2026-04-05 14:18:45
ALB,FW47,13,93.899,1,Medium,2026-04-05 14:20:20
ALB,FW47,14,93.73,1,Medium,2026-04-05 14:21:52
ALB,FW47,15,94.011,1,Medium,2026-04-05 14:23:30
ALB,FW47,16,93.898,1,Medium,2026-04-05 14:25:02
ALB,FW47,17,93.877,1,Medium,2026-04-05 14:26:35
ALB,FW47,18,94.086,1,Medium,2026-04-05 14:28:13
ALB,FW47,19,93.895,1,Medium,2026-04-05 14:29:44
ALB,FW47,20,93.831,1,Medium,2026-04-05 14:31:16
ALB,FW47,21,93.425,2,Hard,2026-04-05 14:32:41
ALB,FW47,22,93.697,2,Hard,2026-04-05 14:34:21
ALB,FW47,23,93.482,2,Hard,2026-04-05 14:35:50
ALB,FW47,24,93.859,2,Hard,2026-04-05 14:37:32
ALB,FW47,25,93.41,2,Hard,2026-04-05 14:38:55
ALB,FW47,26,93.876,2,Hard,2026-04-05 14:40:40
ALB,FW47,27,93.709,2,Hard,2026-04-05 14:42:10
ALB,FW47,28,93.684,2,Hard,2026-04-05 14:43:43
ALB,FW47,29,93.643,2,Hard,2026-04-05 14:45:15
ALB,FW47,30,93.768,2,Hard,2026-04-05 14:46:53
ALB,FW47,31,93.727,2,Hard,2026-04-05 14:48:25
ALB,FW47,32,93.876,2,Hard,2026-04-05 14:50:04
ALB,FW47,33,93.77,2,Hard,2026-04-05 14:51:34
ALB,FW47,34,93.786,2,Hard,2026-04-05 14:53:08
ALB,FW47,35,93.736,2,Hard,2026-04-05 14:54:40
ALB,FW47,36,93.785,2,Hard,2026-04-05 14:56:16
ALB,FW47,37,93.841,2,Hard,2026-04-05 14:57:52
ALB,FW47,38,93.611,2,Hard,2026-04-05 14:59:17
ALB,FW47,39,93.666,2,Hard,2026-04-05 15:00:52
ALB,FW47,40,93.929,2,Hard,2026-04-05 15:02:37
ALB,FW47,41,93.656,3,Soft,2026-04-05 15:03:59
ALB,FW47,42,93.648,3,Soft,2026-04-05 15:05:33
ALB,FW47,43,93.707,3,Soft,2026-04-05 15:07:09
ALB,FW47,44,93.782,3,Soft,2026-04-05 15:08:46
ALB,FW47,45,93.71,3,Soft,2026-04-05 15:10:16
ALB,FW47,46,93.717,3,Soft,2026-04-05 15:11:50
ALB,FW47,47,93.869,3,Soft,2026-04-05 15:13:31
ALB,FW47,48,93.763,3,Soft,2026-04-05 15:15:00
ALB,FW47,49,93.964,3,Soft,2026-04-05 15:16:44
ALB,FW47,50,93.746,3,Soft,2026-04-05 15:18:07
ALB,FW47,51,94.108,3,Soft,2026-04-05 15:19:59
ALB,FW47,52,94.077,3,Soft,2026-04-05 15:21:32
ALB,FW47,53,94.086,3,Soft,2026-04-05 15:23:06
ALB,FW47,54,94.208,3,Soft,2026-04-05 15:24:47
ALB,FW47,55,94.325,3,Soft,2026-04-05 15:26:27
ALB,FW47,56,94.282,3,Soft,2026-04-05 15:27:59
ALB,FW47,57,93.974,3,Soft,2026-04-05 15:29:16
ANT,W15,1,92.266,1,Medium,2026-04-05 14:01:32
ANT,W15,2,92.365,1,Medium,2026-04-05 14:03:04
ANT,W15,3,92.463,1,Medium,2026-04-05 14:04:37
ANT,W15,4,92.542,1,Medium,2026-04-05 14:06:10
ANT,W15,5,92.413,1,Medium,2026-04-05 14:07:42
ANT,W15,6,92.542,1,Medium,2026-04-05 14:09:15
ANT,W15,7,92.449,1,Medium,2026-04-05 14:10:47
ANT,W15,8,92.487,1,Medium,2026-04-05 14:12:19
ANT,W15,9,92.411,1,Medium,2026-04-05 14:13:51
ANT,W15,10,92.489,1,Medium,2026-04-05 14:15:24
ANT,W15,11,92.458,1,Medium,2026-04-05 14:16:57
ANT,W15,12,92.523,1,Medium,2026-04-05 14:18:30
ANT,W15,13,92.786,1,Medium,2026-04-05 14:20:06
ANT,W15,14,92.566,1,Medium,2026-04-05 14:21:35
ANT,W15,15,93.016,1,Medium,2026-04-05 14:23:15
ANT,W15,16,92.779,1,Medium,2026-04-05 14:24:44
ANT,W15,17,92.762,1,Medium,2026-04-05 14:26:16
ANT,W15,18,92.657,1,Medium,2026-04-05 14:27:47
ANT,W15,19,92.864,1,Medium,2026-04-05 14:29:24
ANT,W15,20,92.731,1,Medium,2026-04-05 14:30:54
ANT,W15,21,92.427,2,Hard,2026-04-05 14:32:20
ANT,W15,22,92.731,2,Hard,2026-04-05 14:34:00
ANT,W15,23,92.424,2,Hard,2026-04-05 14:35:25
ANT,W15,24,92.586,2,Hard,2026-04-05 14:37:02
ANT,W15,25,92.376,2,Hard,2026-04-05 14:38:29
ANT,W15,26,92.468,2,Hard,2026-04-05 14:40:04
ANT,W15,27,92.696,2,Hard,2026-04-05 14:41:42
ANT,W15,28,92.421,2,Hard,2026-04-05 14:43:07
ANT,W15,29,92.725,2,Hard,2026-04-05 14:44:49
ANT,W15,30,92.605,2,Hard,2026-04-05 14:46:18
ANT,W15,31,92.465,2,Hard,2026-04-05 14:47:46
ANT,W15,32,92.62,2,Hard,2026-04-05 14:49:23
ANT,W15,33,92.673,2,Hard,2026-04-05 14:50:58
ANT,W15,34,92.643,2,Hard,2026-04-05 14:52:29
ANT,W15,35,92.392,2,Hard,2026-04-05 14:53:53
ANT,W15,36,92.505,2,Hard,2026-04-05 14:55:30
ANT,W15,37,92.574,2,Hard,2026-04-05 14:57:05
ANT,W15,38,92.607,2,Hard,2026-04-05 14:58:39
ANT,W15,39,92.702,2,Hard,2026-04-05 15:00:15
ANT,W15,40,92.661,2,Hard,2026-04-05 15:01:46
ANT,W15,41,92.275,3,Soft,2026-04-05 15:03:03
ANT,W15,42,92.516,3,Soft,2026-04-05 15:04:45
ANT,W15,43,92.578,3,Soft,2026-04-05 15:06:20
ANT,W15,44,92.607,3,Soft,2026-04-05 15:07:54
ANT,W15,45,92.705,3,Soft,2026-04-05 15:09:31
ANT,W15,46,92.71,3,Soft,2026-04-05 15:11:04
ANT,W15,47,92.7,3,Soft,2026-04-05 15:12:36
ANT,W15,48,92.672,3,Soft,2026-04-05 15:14:08
ANT,W15,49,92.516,3,Soft,2026-04-05 15:15:33
ANT,W15,50,92.802,3,Soft,2026-04-05 15:17:20
ANT,W15,51,92.81,3,Soft,2026-04-05 15:18:53
ANT,W15,52,92.853,3,Soft,2026-04-05 15:20:28
ANT,W15,53,92.702,3,Soft,2026-04-05 15:21:53
ANT,W15,54,92.76,3,Soft,2026-04-05 15:23:29
ANT,W15,55,93.051,3,Soft,2026-04-05 15:25:17
ANT,W15,56,92.955,3,Soft,2026-04-05 15:26:45
ANT,W15,57,93.077,3,Soft,2026-04-05 15:28:25
BOR,SAUB,1,93.623,1,Medium,2026-04-05 14:01:33
BOR,SAUB,2,93.644,1,Medium,2026-04-05 14:03:07
BOR,SAUB,3,93.773,1,Medium,2026-04-05 14:04:41
BOR,SAUB,4,93.618,1,Medium,2026-04-05 14:06:14
BOR,SAUB,5,93.712,1,Medium,2026-04-05 14:07:48
BOR,SAUB,6,93.665,1,Medium,2026-04-05 14:09:21
BOR,SAUB,7,93.688,1,Medium,2026-04-05 14:10:55
BOR,SAUB,8,93.723,1,Medium,2026-04-05 14:12:29
BOR,SAUB,9,93.807,1,Medium,2026-04-05 14:14:04
BOR,SAUB,10,93.743,1,Medium,2026-04-05 14:15:37
BOR,SAUB,11,93.971,1,Medium,2026-04-05 14:17:13
BOR,SAUB,12,93.733,1,Medium,2026-04-05 14:18:44
BOR,SAUB,13,93.838,1,Medium,2026-04-05 14:20:19
BOR,SAUB,14,93.827,1,Medium,2026-04-05 14:21:53
BOR,SAUB,15,94.074,1,Medium,2026-04-05 14:23:31
BOR,SAUB,16,93.944,1,Medium,2026-04-05 14:25:03
BOR,SAUB,17,94.064,1,Medium,2026-04-05 14:26:39
BOR,SAUB,18,93.782,1,Medium,2026-04-05 14:28:08
BOR,SAUB,19,94.012,1,Medium,2026-04-05 14:29:46
BOR,SAUB,20,94.107,1,Medium,2026-04-05 14:31:22
BOR,SAUB,21,93.622,2,Hard,2026-04-05 14:32:46
BOR,SAUB,22,93.752,2,Hard,2026-04-05 14:34:22
BOR,SAUB,23,93.574,2,Hard,2026-04-05 14:35:52
BOR,SAUB,24,93.817,2,Hard,2026-04-05 14:37:31
BOR,SAUB,25,93.936,2,Hard,2026-04-05 14:39:08
BOR,SAUB,26,93.628,2,Hard,2026-04-05 14:40:34
BOR,SAUB,27,93.631,2,Hard,2026-04-05 14:42:08
BOR,SAUB,28,93.87,2,Hard,2026-04-05 14:43:48
BOR,SAUB,29,93.898,2,Hard,2026-04-05 14:45:23
BOR,SAUB,30,93.657,2,Hard,2026-04-05 14:46:49
BOR,SAUB,31,93.682,2,Hard,2026-04-05 14:48:24
BOR,SAUB,32,93.71,2,Hard,2026-04-05 14:49:58
BOR,SAUB,33,93.595,2,Hard,2026-04-05 14:51:28
BOR,SAUB,34,93.658,2,Hard,2026-04-05 14:53:04
BOR,SAUB,35,93.66,2,Hard,2026-04-05 14:54:38
BOR,SAUB,36,93.7,2,Hard,2026-04-05 14:56:13
BOR,SAUB,37,93.8,2,Hard,2026-04-05 14:57:50
BOR,SAUB,38,93.844,2,Hard,2026-04-05 14:59:26
BOR,SAUB,39,94.014,2,Hard,2026-04-05 15:01:06
BOR,SAUB,40,93.72,2,Hard,2026-04-05 15:02:28
BOR,SAUB,41,93.753,3,Soft,2026-04-05 15:04:03
BOR,SAUB,42,93.644,3,Soft,2026-04-05 15:05:33
BOR,SAUB,43,93.699,3,Soft,2026-04-05 15:07:09
BOR,SAUB,44,93.821,3,Soft,2026-04-05 15:08:48
BOR,SAUB,45,93.64,3,Soft,2026-04-05 15:10:13
BOR,SAUB,46,93.856,3,Soft,2026-04-05 15:11:57
BOR,SAUB,47,93.865,3,Soft,2026-04-05 15:13:31
BOR,SAUB,48,93.939,3,Soft,2026-04-05 15:15:09
BOR,SAUB,49,93.95,3,Soft,2026-04-05 15:16:43
BOR,SAUB,50,94.245,3,Soft,2026-04-05 15:18:32
BOR,SAUB,51,93.908,3,Soft,2026-04-05 15:19:49
BOR,SAUB,52,93.956,3,Soft,2026-04-05 15:21:25
BOR,SAUB,53,93.98,3,Soft,2026-04-05 15:23:00
BOR,SAUB,54,94.023,3,Soft,2026-04-05 15:24:37
BOR,SAUB,55,94.049,3,Soft,2026-04-05 15:26:12
BOR,SAUB,56,94.303,3,Soft,2026-04-05 15:28:00
BOR,SAUB,57,94.365,3,Soft,2026-04-05 15:29:38
BOT,CAD,1,93.352,1,Medium,2026-04-05 14:01:33
BOT,CAD,2,93.34,1,Medium,2026-04-05 14:03:06
BOT,CAD,3,93.517,1,Medium,2026-04-05 14:04:40
BOT,CAD,4,93.414,1,Medium,2026-04-05 14:06:13
BOT,CAD,5,93.576,1,Medium,2026-04-05 14:07:47
BOT,CAD,6,93.544,1,Medium,2026-04-05 14:09:21
BOT,CAD,7,93.358,1,Medium,2026-04-05 14:10:53
BOT,CAD,8,93.746,1,Medium,2026-04-05 14:12:29
BOT,CAD,9,93.796,1,Medium,2026-04-05 14:14:04
BOT,CAD,10,93.526,1,Medium,2026-04-05 14:15:35
BOT,CAD,11,93.573,1,Medium,2026-04-05 14:17:09
BOT,CAD,12,93.674,1,Medium,2026-04-05 14:18:44
BOT,CAD,13,93.7,1,Medium,2026-04-05 14:20:18
BOT,CAD,14,93.759,1,Medium,2026-04-05 14:21:52
BOT,CAD,15,93.941,1,Medium,2026-04-05 14:23:29
BOT,CAD,16,93.699,1,Medium,2026-04-05 14:24:59
BOT,CAD,17,93.644,1,Medium,2026-04-05 14:26:31
BOT,CAD,18,93.594,1,Medium,2026-04-05 14:28:04
BOT,CAD,19,93.692,1,Medium,2026-04-05 14:29:40
BOT,CAD,20,93.796,1,Medium,2026-04-05 14:31:15
BOT,CAD,21,93.627,2,Hard,2026-04-05 14:32:46
BOT,CAD,22,93.362,2,Hard,2026-04-05 14:34:13
BOT,CAD,23,93.463,2,Hard,2026-04-05 14:35:49
BOT,CAD,24,93.446,2,Hard,2026-04-05 14:37:22
BOT,CAD,25,93.603,2,Hard,2026-04-05 14:39:00
BOT,CAD,26,93.775,2,Hard,2026-04-05 14:40:38
BOT,CAD,27,93.42,2,Hard,2026-04-05 14:42:02
BOT,CAD,28,93.437,2,Hard,2026-04-05 14:43:36
BOT,CAD,29,93.633,2,Hard,2026-04-05 14:45:15
BOT,CAD,30,93.602,2,Hard,2026-04-05 14:46:48
BOT,CAD,31,93.754,2,Hard,2026-04-05 14:48:26
BOT,CAD,32,93.614,2,Hard,2026-04-05 14:49:55
BOT,CAD,33,93.513,2,Hard,2026-04-05 14:51:25
BOT,CAD,34,93.639,2,Hard,2026-04-05 14:53:03
BOT,CAD,35,93.713,2,Hard,2026-04-05 14:54:39
BOT,CAD,36,93.69,2,Hard,2026-04-05 14:56:12
BOT,CAD,37,93.665,2,Hard,2026-04-05 14:57:45
BOT,CAD,38,93.744,2,Hard,2026-04-05 14:59:22
BOT,CAD,39,93.768,2,Hard,2026-04-05 15:00:56
BOT,CAD,40,93.806,2,Hard,2026-04-05 15:02:32
BOT,CAD,41,93.513,3,Soft,2026-04-05 15:03:54
BOT,CAD,42,93.45,3,Soft,2026-04-05 15:05:24
BOT,CAD,43,93.523,3,Soft,2026-04-05 15:07:01
BOT,CAD,44,93.685,3,Soft,2026-04-05 15:08:42
BOT,CAD,45,93.477,3,Soft,2026-04-05 15:10:06
BOT,CAD,46,93.654,3,Soft,2026-04-05 15:11:48
BOT,CAD,47,93.598,3,Soft,2026-04-05 15:13:19
BOT,CAD,48,93.683,3,Soft,2026-04-05 15:14:56
BOT,CAD,49,93.868,3,Soft,2026-04-05 15:16:39
BOT,CAD,50,93.773,3,Soft,2026-04-05 15:18:08
BOT,CAD,51,93.791,3,Soft,2026-04-05 15:19:43
BOT,CAD,52,93.657,3,Soft,2026-04-05 15:21:10
BOT,CAD,53,93.945,3,Soft,2026-04-05 15:22:59
BOT,CAD,54,93.967,3,Soft,2026-04-05 15:24:34
BOT,CAD,55,94.185,3,Soft,2026-04-05 15:26:20
BOT,CAD,56,93.923,3,Soft,2026-04-05 15:27:39
BOT,CAD,57,94.021,3,Soft,2026-04-05 15:29:19
COL,A525,1,93.15,1,Medium,2026-04-05 14:01:33
COL,A525,2,93.329,1,Medium,2026-04-05 14:03:06
COL,A525,3,93.149,1,Medium,2026-04-05 14:04:39
COL,A525,4,93.213,1,Medium,2026-04-05 14:06:12
COL,A525,5,93.273,1,Medium,2026-04-05 14:07:46
COL,A525,6,93.242,1,Medium,2026-04-05 14:09:19
COL,A525,7,93.186,1,Medium,2026-04-05 14:10:52
COL,A525,8,93.283,1,Medium,2026-04-05 14:12:26
COL,A525,9,93.409,1,Medium,2026-04-05 14:14:00
COL,A525,10,93.177,1,Medium,2026-04-05 14:15:31
COL,A525,11,93.336,1,Medium,2026-04-05 14:17:06
COL,A525,12,93.256,1,Medium,2026-04-05 14:18:39
COL,A525,13,93.503,1,Medium,2026-04-05 14:20:15
COL,A525,14,93.197,1,Medium,2026-04-05 14:21:44
COL,A525,15,93.333,1,Medium,2026-04-05 14:23:19
COL,A525,16,93.465,1,Medium,2026-04-05 14:24:55
COL,A525,17,93.628,1,Medium,2026-04-05 14:26:31
COL,A525,18,93.452,1,Medium,2026-04-05 14:28:02
COL,A525,19,93.413,1,Medium,2026-04-05 14:29:34
COL,A525,20,93.726,1,Medium,2026-04-05 14:31:14
COL,A525,21,92.938,2,Hard,2026-04-05 14:32:31
COL,A525,22,92.86,2,Hard,2026-04-05 14:34:02
COL,A525,23,93.189,2,Hard,2026-04-05 14:35:43
COL,A525,24,93.088,2,Hard,2026-04-05 14:37:14
COL,A525,25,93.037,2,Hard,2026-04-05 14:38:45
COL,A525,26,93.257,2,Hard,2026-04-05 14:40:24
COL,A525,27,93.213,2,Hard,2026-04-05 14:41:56
COL,A525,28,93.128,2,Hard,2026-04-05 14:43:27
COL,A525,29,93.054,2,Hard,2026-04-05 14:44:58
COL,A525,30,93.325,2,Hard,2026-04-05 14:46:39
COL,A525,31,93.31,2,Hard,2026-04-05 14:48:12
COL,A525,32,93.232,2,Hard,2026-04-05 14:49:43
COL,A525,33,93.478,2,Hard,2026-04-05 14:51:24
COL,A525,34,93.14,2,Hard,2026-04-05 14:52:46
COL,A525,35,93.097,2,Hard,2026-04-05 14:54:18
COL,A525,36,93.209,2,Hard,2026-04-05 14:55:55
COL,A525,37,93.299,2,Hard,2026-04-05 14:57:32
COL,A525,38,93.345,2,Hard,2026-04-05 14:59:07
COL,A525,39,93.299,2,Hard,2026-04-05 15:00:38
COL,A525,40,93.382,2,Hard,2026-04-05 15:02:15
COL,A525,41,92.985,3,Soft,2026-04-05 15:03:32
COL,A525,42,93.343,3,Soft,2026-04-05 15:05:20
COL,A525,43,93.195,3,Soft,2026-04-05 15:06:47
COL,A525,44,93.374,3,Soft,2026-04-05 15:08:28
COL,A525,45,93.316,3,Soft,2026-04-05 15:09:59
COL,A525,46,93.365,3,Soft,2026-04-05 15:11:34
COL,A525,47,93.413,3,Soft,2026-04-05 15:13:10
COL,A525,48,93.434,3,Soft,2026-04-05 15:14:44
COL,A525,49,93.492,3,Soft,2026-04-05 15:16:21
COL,A525,50,93.609,3,Soft,2026-04-05 15:18:00
COL,A525,51,93.509,3,Soft,2026-04-05 15:19:28
COL,A525,52,93.605,3,Soft,2026-04-05 15:21:07
COL,A525,53,93.544,3,Soft,2026-04-05 15:22:37
COL,A525,54,93.763,3,Soft,2026-04-05 15:24:23
COL,A525,55,93.544,3,Soft,2026-04-05 15:25:44
COL,A525,56,93.876,3,Soft,2026-04-05 15:27:37
COL,A525,57,93.69,3,Soft,2026-04-05 15:29:00
HUL,SAUB,1,93.448,1,Medium,2026-04-05 14:01:33
HUL,SAUB,2,93.655,1,Medium,2026-04-05 14:03:07
HUL,SAUB,3,93.578,1,Medium,2026-04-05 14:04:40
HUL,SAUB,4,93.781,1,Medium,2026-04-05 14:06:15
HUL,SAUB,5,93.622,1,Medium,2026-04-05 14:07:48
HUL,SAUB,6,93.666,1,Medium,2026-04-05 14:09:21
HUL,SAUB,7,93.513,1,Medium,2026-04-05 14:10:54
HUL,SAUB,8,93.706,1,Medium,2026-04-05 14:12:29
HUL,SAUB,9,93.489,1,Medium,2026-04-05 14:14:01
HUL,SAUB,10,93.61,1,Medium,2026-04-05 14:15:36
HUL,SAUB,11,93.911,1,Medium,2026-04-05 14:17:13
HUL,SAUB,12,93.934,1,Medium,2026-04-05 14:18:47
HUL,SAUB,13,93.911,1,Medium,2026-04-05 14:20:20
HUL,SAUB,14,93.764,1,Medium,2026-04-05 14:21:52
HUL,SAUB,15,93.894,1,Medium,2026-04-05 14:23:28
HUL,SAUB,16,93.92,1,Medium,2026-04-05 14:25:02
HUL,SAUB,17,93.801,1,Medium,2026-04-05 14:26:34
HUL,SAUB,18,94.14,1,Medium,2026-04-05 14:28:14
HUL,SAUB,19,94.085,1,Medium,2026-04-05 14:29:47
HUL,SAUB,20,93.973,1,Medium,2026-04-05 14:31:19
HUL,SAUB,21,93.615,2,Hard,2026-04-05 14:32:45
HUL,SAUB,22,93.649,2,Hard,2026-04-05 14:34:20
HUL,SAUB,23,93.391,2,Hard,2026-04-05 14:35:47
HUL,SAUB,24,93.618,2,Hard,2026-04-05 14:37:26
HUL,SAUB,25,93.578,2,Hard,2026-04-05 14:38:59
HUL,SAUB,26,93.552,2,Hard,2026-04-05 14:40:32
HUL,SAUB,27,93.65,2,Hard,2026-04-05 14:42:08
HUL,SAUB,28,93.912,2,Hard,2026-04-05 14:43:49
HUL,SAUB,29,93.785,2,Hard,2026-04-05 14:45:19
HUL,SAUB,30,93.651,2,Hard,2026-04-05 14:46:49
HUL,SAUB,31,93.801,2,Hard,2026-04-05 14:48:27
HUL,SAUB,32,93.912,2,Hard,2026-04-05 14:50:05
HUL,SAUB,33,93.867,2,Hard,2026-04-05 14:51:37
HUL,SAUB,34,93.775,2,Hard,2026-04-05 14:53:08
HUL,SAUB,35,93.702,2,Hard,2026-04-05 14:54:39
HUL,SAUB,36,93.876,2,Hard,2026-04-05 14:56:19
HUL,SAUB,37,93.851,2,Hard,2026-04-05 14:57:52
HUL,SAUB,38,93.923,2,Hard,2026-04-05 14:59:29
HUL,SAUB,39,93.904,2,Hard,2026-04-05 15:01:02
HUL,SAUB,40,93.966,2,Hard,2026-04-05 15:02:38
HUL,SAUB,41,93.571,3,Soft,2026-04-05 15:03:56
HUL,SAUB,42,93.828,3,Soft,2026-04-05 15:05:40
HUL,SAUB,43,93.729,3,Soft,2026-04-05 15:07:10
HUL,SAUB,44,93.989,3,Soft,2026-04-05 15:08:55
HUL,SAUB,45,93.692,3,Soft,2026-04-05 15:10:16
HUL,SAUB,46,94.018,3,Soft,2026-04-05 15:12:04
HUL,SAUB,47,93.869,3,Soft,2026-04-05 15:13:31
HUL,SAUB,48,93.802,3,Soft,2026-04-05 15:15:02
HUL,SAUB,49,93.857,3,Soft,2026-04-05 15:16:38
HUL,SAUB,50,93.912,3,Soft,2026-04-05 15:18:15
HUL,SAUB,51,94.036,3,Soft,2026-04-05 15:19:55
HUL,SAUB,52,94.083,3,Soft,2026-04-05 15:21:32
HUL,SAUB,53,93.986,3,Soft,2026-04-05 15:23:01
HUL,SAUB,54,94.087,3,Soft,2026-04-05 15:24:40
HUL,SAUB,55,94.382,3,Soft,2026-04-05 15:26:31
HUL,SAUB,56,94.367,3,Soft,2026-04-05 15:28:04
HUL,SAUB,57,94.247,3,Soft,2026-04-05 15:29:32
BEA,VF-25,1,94.025,1,Medium,2026-04-05 14:01:34
BEA,VF-25,2,94.054,1,Medium,2026-04-05 14:03:08
BEA,VF-25,3,94.134,1,Medium,2026-04-05 14:04:42
BEA,VF-25,4,93.957,1,Medium,2026-04-05 14:06:15
BEA,VF-25,5,94.069,1,Medium,2026-04-05 14:07:50
BEA,VF-25,6,93.92,1,Medium,2026-04-05 14:09:23
BEA,VF-25,7,94.188,1,Medium,2026-04-05 14:10:59
BEA,VF-25,8,94.238,1,Medium,2026-04-05 14:12:33
BEA,VF-25,9,94.122,1,Medium,2026-04-05 14:14:07
BEA,VF-25,10,94.389,1,Medium,2026-04-05 14:15:43
BEA,VF-25,11,94.073,1,Medium,2026-04-05 14:17:14
BEA,VF-25,12,94.064,1,Medium,2026-04-05 14:18:48
BEA,VF-25,13,94.287,1,Medium,2026-04-05 14:20:25
BEA,VF-25,14,94.406,1,Medium,2026-04-05 14:22:01
BEA,VF-25,15,94.502,1,Medium,2026-04-05 14:23:37
BEA,VF-25,16,94.265,1,Medium,2026-04-05 14:25:08
BEA,VF-25,17,94.469,1,Medium,2026-04-05 14:26:45
BEA,VF-25,18,94.355,1,Medium,2026-04-05 14:28:18
BEA,VF-25,19,94.359,1,Medium,2026-04-05 14:29:52
BEA,VF-25,20,94.506,1,Medium,2026-04-05 14:31:30
BEA,VF-25,21,94.09,2,Hard,2026-04-05 14:32:55
BEA,VF-25,22,93.835,2,Hard,2026-04-05 14:34:24
BEA,VF-25,23,94.213,2,Hard,2026-04-05 14:36:06
BEA,VF-25,24,94.214,2,Hard,2026-04-05 14:37:41
BEA,VF-25,25,93.985,2,Hard,2026-04-05 14:39:09
BEA,VF-25,26,94.119,2,Hard,2026-04-05 14:40:47
BEA,VF-25,27,94.143,2,Hard,2026-04-05 14:42:21
BEA,VF-25,28,94.127,2,Hard,2026-04-05 14:43:55
BEA,VF-25,29,94.042,2,Hard,2026-04-05 14:45:27
BEA,VF-25,30,94.039,2,Hard,2026-04-05 14:47:01
BEA,VF-25,31,94.129,2,Hard,2026-04-05 14:48:37
BEA,VF-25,32,94.285,2,Hard,2026-04-05 14:50:17
BEA,VF-25,33,94.221,2,Hard,2026-04-05 14:51:49
BEA,VF-25,34,94.124,2,Hard,2026-04-05 14:53:20
BEA,VF-25,35,94.273,2,Hard,2026-04-05 14:54:59
BEA,VF-25,36,93.85,2,Hard,2026-04-05 14:56:18
BEA,VF-25,37,94.342,2,Hard,2026-04-05 14:58:10
BEA,VF-25,38,94.007,2,Hard,2026-04-05 14:59:32
BEA,VF-25,39,94.185,2,Hard,2026-04-05 15:01:13
BEA,VF-25,40,94.106,2,Hard,2026-04-05 15:02:44
BEA,VF-25,41,93.88,3,Soft,2026-04-05 15:04:09
BEA,VF-25,42,94.209,3,Soft,2026-04-05 15:05:56
BEA,VF-25,43,94.049,3,Soft,2026-04-05 15:07:24
BEA,VF-25,44,94.182,3,Soft,2026-04-05 15:09:04
BEA,VF-25,45,94.169,3,Soft,2026-04-05 15:10:37
BEA,VF-25,46,94.267,3,Soft,2026-04-05 15:12:16
BEA,VF-25,47,94.254,3,Soft,2026-04-05 15:13:49
BEA,VF-25,48,94.126,3,Soft,2026-04-05 15:15:18
BEA,VF-25,49,94.435,3,Soft,2026-04-05 15:17:07
BEA,VF-25,50,94.291,3,Soft,2026-04-05 15:18:34
BEA,VF-25,51,94.198,3,Soft,2026-04-05 15:20:04
BEA,VF-25,52,94.369,3,Soft,2026-04-05 15:21:47
BEA,VF-25,53,94.635,3,Soft,2026-04-05 15:23:35
BEA,VF-25,54,94.592,3,Soft,2026-04-05 15:25:07
BEA,VF-25,55,94.483,3,Soft,2026-04-05 15:26:36
BEA,VF-25,56,94.518,3,Soft,2026-04-05 15:28:13
BEA,VF-25,57,94.556,3,Soft,2026-04-05 15:29:49
